,index,City,Lat,Lng,Max_Temp,Humidity,Cloudiness,Wind_Speed,Country,Date
0,0,perth,-31.9333,115.8333,60.78,62.0,0.0,14.83,AU,1620836410
1,1,samarai,-10.6167,150.6667,80.83,82.0,57.0,6.71,PG,1620836479
2,2,avarua,-21.2078,-159.775,69.69,100.0,90.0,3.44,CK,1620836433
3,3,rikitea,-23.1203,-134.9692,77.7,77.0,21.0,21.0,PF,1620836481
4,4,cherskiy,68.75,161.3,8.31,98.0,97.0,4.12,RU,1620836483
5,5,porto walter,-8.2686,-72.7439,82.22,72.0,85.0,1.5,BR,1620836484
6,6,cape town,-33.9258,18.4232,64.85,86.0,0.0,6.53,ZA,1620836322
7,7,marinette,45.1,-87.6307,56.93,47.0,1.0,10.36,US,1620836486
8,8,salalah,17.0151,54.0924,84.04,84.0,75.0,8.05,OM,1620836487
9,9,san patricio,28.017,-97.5169,72.82,83.0,99.0,16.22,US,1620836489
10,10,yabrud,33.9674,36.6574,69.53,21.0,0.0,3.38,SY,1620836490
11,14,bethel,41.3712,-73.414,61.48,50.0,1.0,4.0,US,1620836317
12,16,bambous virieux,-20.3428,57.7575,77.7,78.0,75.0,14.85,MU,1620836493
13,17,mataura,-46.1927,168.8643,31.39,90.0,36.0,2.39,NZ,1620836494
14,18,albany,42.6001,-73.9662,59.63,51.0,52.0,3.0,US,1620836495
15,19,russell,32.3502,-85.1999,69.94,89.0,90.0,5.46,US,1620836497
16,21,chuy,-33.6971,-53.4616,63.1,50.0,0.0,8.25,UY,1620836498
17,22,ushuaia,-54.8,-68.3,51.22,46.0,40.0,14.97,AR,1620836356
18,23,vaini,-21.2,-175.2,73.17,83.0,20.0,8.05,TO,1620836500
19,24,bengkulu,-3.8004,102.2655,77.23,91.0,100.0,3.62,ID,1620836501
20,25,kodiak,57.79,-152.4072,42.08,75.0,90.0,6.91,US,1620836503
21,27,vostok,46.4856,135.8833,40.64,93.0,100.0,5.32,RU,1620836504
22,28,atuona,-9.8,-139.0333,79.72,81.0,11.0,21.65,PF,1620836505
23,29,port elizabeth,-33.918,25.5701,60.58,82.0,0.0,13.8,ZA,1620836507
24,30,punta arenas,-53.15,-70.9167,49.68,62.0,75.0,17.65,CL,1620836508
25,31,morant bay,17.8815,-76.4093,91.62,71.0,5.0,14.5,JM,1620836509
26,32,abeche,13.8292,20.8324,101.68,13.0,25.0,0.67,TD,1620836510
27,33,labuhan,-6.8844,112.2051,79.0,81.0,79.0,7.07,ID,1620836512
28,34,nanortalik,60.1432,-45.2371,43.9,59.0,35.0,7.29,GL,1620836513
29,35,roald,62.5833,6.1333,51.01,81.0,75.0,13.8,NO,1620836514
30,36,poddorye,57.4695,31.1156,69.62,61.0,1.0,2.1,RU,1620836515
31,37,east london,-33.0153,27.9116,58.44,88.0,0.0,6.91,ZA,1620836517
32,38,new norfolk,-42.7826,147.0587,50.45,95.0,55.0,1.99,AU,1620836518
33,39,portland,45.5234,-122.6762,62.89,67.0,40.0,3.0,US,1620836519
34,40,hualmay,-11.0964,-77.6139,70.5,70.0,4.0,7.38,PE,1620836521
35,41,arteaga,18.4667,-102.4167,81.54,42.0,99.0,1.99,MX,1620836522
36,42,nanakuli,21.3906,-158.1547,73.33,76.0,1.0,11.83,US,1620836523
37,43,cayenne,4.9333,-52.3333,76.95,90.0,75.0,1.01,GF,1620836308
38,45,nouadhibou,20.931,-17.0347,78.76,50.0,2.0,17.27,MR,1620836526
39,46,cidreira,-30.1811,-50.2056,63.46,57.0,3.0,8.28,BR,1620836527
40,47,butaritari,3.0707,172.7902,81.79,78.0,100.0,11.45,KI,1620836528
41,48,maceio,-9.6658,-35.7353,80.47,83.0,75.0,12.03,BR,1620836300
42,49,fortuna,40.5982,-124.1573,52.66,100.0,90.0,0.0,US,1620836530
43,50,carnarvon,-24.8667,113.6333,66.2,94.0,0.0,6.91,AU,1620836532
44,51,puerto ayacucho,5.6639,-67.6236,77.86,87.0,96.0,4.74,VE,1620836533
45,52,goundam,16.4145,-3.6708,111.11,7.0,7.0,8.75,ML,1620836534
46,53,kieta,-6.2167,155.6333,78.12,83.0,11.0,1.95,PG,1620836536
47,54,naze,28.3667,129.4833,72.79,92.0,100.0,12.17,JP,1620836537
48,55,staryy nadym,65.6118,72.6842,48.76,60.0,70.0,4.85,RU,1620836476
49,56,veraval,20.9,70.3667,82.99,79.0,68.0,14.76,IN,1620836539
50,57,ancud,-41.8697,-73.8203,52.43,90.0,100.0,7.43,CL,1620836540
51,58,mendi,-6.1761,143.6513,56.62,98.0,100.0,2.21,PG,1620836542
52,59,castro,-24.7911,-50.0119,57.6,98.0,100.0,2.68,BR,1620836543
53,60,huarmey,-10.0681,-78.1522,71.08,72.0,11.0,7.72,PE,1620836544
54,61,berlevag,70.8578,29.0864,40.95,88.0,98.0,11.56,NO,1620836546
55,63,severo-kurilsk,50.6789,156.125,34.9,87.0,61.0,15.26,RU,1620836547
56,64,vao,-22.6667,167.4833,74.57,77.0,99.0,19.19,NC,1620836548
57,65,jilib,0.4883,42.7854,79.03,72.0,96.0,12.5,SO,1620836549
58,66,hami,42.8,93.45,73.17,21.0,100.0,21.05,CN,1620836551
59,67,mount gambier,-37.8333,140.7667,47.98,95.0,100.0,7.38,AU,1620836552
60,68,bredasdorp,-34.5322,20.0403,59.92,82.0,4.0,4.25,ZA,1620836553
61,69,opuwo,-18.0607,13.84,78.12,17.0,0.0,10.25,NA,1620836555
62,70,svetlaya,46.5389,138.3297,41.65,97.0,100.0,12.08,RU,1620836556
63,71,lac-megantic,45.5834,-70.8823,48.36,93.0,100.0,6.53,CA,1620836557
64,72,lasa,46.6166,10.7002,54.25,95.0,100.0,5.12,IT,1620836558
65,73,terrace bay,48.7834,-87.1,46.85,53.0,9.0,7.74,CA,1620836560
66,74,lorengau,-2.0226,147.2712,79.0,84.0,100.0,4.54,PG,1620836561
67,75,busselton,-33.65,115.3333,48.94,70.0,71.0,13.27,AU,1620836562
68,76,xinqing,48.2333,129.5,46.47,84.0,69.0,5.84,CN,1620836563
69,77,wuwei,37.9281,102.6414,68.7,24.0,8.0,3.98,CN,1620836565
70,78,francisco beltrao,-26.0811,-53.055,66.52,66.0,97.0,7.78,BR,1620836469
71,79,puerto ayora,-0.7393,-90.3518,79.95,93.0,51.0,5.01,EC,1620836567
72,80,korla,41.7597,86.1469,64.71,48.0,100.0,4.65,CN,1620836568
73,81,jamestown,42.097,-79.2353,51.37,54.0,1.0,4.0,US,1620836570
74,82,nemuro,43.3236,145.575,39.22,91.0,44.0,11.74,JP,1620836571
75,83,grand gaube,-20.0064,57.6608,77.86,76.0,4.0,5.99,MU,1620836572
76,84,katsuura,35.1333,140.3,64.99,74.0,100.0,11.34,JP,1620836573
77,85,ribeira grande,38.5167,-28.7,68.0,77.0,40.0,10.36,PT,1620836575
78,86,seoul,37.5683,126.9778,61.95,48.0,0.0,1.61,KR,1620836298
79,87,rayachoti,14.05,78.75,85.53,56.0,100.0,3.56,IN,1620836577
80,88,syracuse,37.0881,15.2792,70.92,70.0,1.0,10.98,IT,1620836364
81,89,jember,-8.166,113.7032,72.9,90.0,40.0,1.05,ID,1620836580
82,90,pangobilian,8.8011,117.8594,81.64,82.0,36.0,6.13,PH,1620836581
83,91,nikolskoye,59.7035,30.7861,76.62,53.0,3.0,4.0,RU,1620836582
84,92,kaitangata,-46.2817,169.8464,35.83,82.0,22.0,3.89,NZ,1620836584
85,94,vila franca do campo,37.7167,-25.4333,65.89,60.0,24.0,7.43,PT,1620836585
86,95,cabo san lucas,22.8909,-109.9124,90.82,51.0,40.0,4.61,MX,1620836586
87,96,guerrero negro,27.9769,-114.0611,65.1,63.0,1.0,9.24,MX,1620836587
88,97,beyneu,45.3167,55.2,79.36,31.0,20.0,24.94,KZ,1620836589
89,98,broadstairs,51.3591,1.4394,60.58,68.0,93.0,7.23,GB,1620836590
90,99,hilo,19.7297,-155.09,71.22,86.0,90.0,9.22,US,1620836591
91,100,pacific grove,36.6177,-121.9166,59.43,91.0,90.0,1.99,US,1620836593
92,101,chapleau,47.8405,-83.4034,53.98,29.0,40.0,8.05,CA,1620836594
93,102,beneditinos,-5.45,-42.3667,86.41,42.0,17.0,5.44,BR,1620836595
94,103,longyearbyen,78.2186,15.6401,22.51,68.0,40.0,4.61,SJ,1620836529
95,104,pangkalanbuun,-2.6833,111.6167,76.39,97.0,91.0,1.81,ID,1620836597
96,105,hobart,-42.8794,147.3294,50.79,85.0,90.0,7.07,AU,1620836342
97,106,port keats,-14.25,129.55,72.79,37.0,4.0,10.36,AU,1620836600
98,107,iquitos,-3.7481,-73.2472,81.37,78.0,75.0,3.44,PE,1620836601
99,108,kavieng,-2.5744,150.7967,80.73,80.0,59.0,6.42,PG,1620836602
100,109,kruisfontein,-34.0033,24.7314,58.37,84.0,9.0,5.99,ZA,1620836604
101,110,bluff,-46.6,168.3333,31.71,80.0,52.0,6.31,NZ,1620836605
102,111,koumac,-20.5667,164.2833,76.37,80.0,100.0,3.51,NC,1620836606
103,112,kapaa,22.0752,-159.319,73.35,78.0,20.0,12.03,US,1620836607
104,113,baglung,28.2719,83.5898,63.5,87.0,100.0,3.53,NP,1620836609
105,115,upernavik,72.7868,-56.1549,30.43,91.0,100.0,10.89,GL,1620836610
106,116,jaciara,-15.9653,-54.9683,87.15,38.0,19.0,6.46,BR,1620836611
107,117,norman wells,65.282,-126.8329,42.08,65.0,90.0,19.57,CA,1620836612
108,118,thompson,55.7435,-97.8558,36.82,65.0,40.0,6.91,CA,1620836614
109,119,san lorenzo,-25.3333,-57.5333,66.2,49.0,0.0,8.01,PY,1620836615
110,120,oudtshoorn,-33.5907,22.2014,55.31,61.0,2.0,2.89,ZA,1620836616
111,121,okahandja,-21.9833,16.9167,57.76,21.0,0.0,5.08,NA,1620836618
112,122,faanui,-16.4833,-151.75,81.72,77.0,99.0,20.11,PF,1620836619
113,124,yala,6.3333,101.25,74.05,96.0,100.0,2.73,TH,1620836620
114,125,buala,-8.145,159.5921,79.41,81.0,23.0,4.0,SB,1620836621
115,126,lashio,22.9333,97.75,66.96,94.0,86.0,2.19,MM,1620836623
116,127,tura,25.5198,90.2201,68.13,91.0,76.0,4.76,IN,1620836624
117,128,hobyo,5.3505,48.5268,82.98,72.0,100.0,17.81,SO,1620836625
118,129,lakatoro,-16.0999,167.4164,78.08,86.0,87.0,10.45,VU,1620836626
119,130,praya,14.9215,-23.5087,85.75,37.0,0.0,24.16,CV,1620836628
120,131,bodden town,19.2833,-81.25,83.93,74.0,28.0,15.46,KY,1620836629
121,132,qena,26.1615,32.7183,90.48,9.0,0.0,13.58,EG,1620836630
122,133,clifton,40.8584,-74.1638,63.82,46.0,1.0,1.99,US,1620836632
123,134,maki,37.75,138.8833,51.96,77.0,100.0,6.58,JP,1620836633
124,135,dinghai,26.2847,119.7936,72.45,98.0,100.0,1.23,CN,1620836634
125,136,louis trichardt,-23.0439,29.9032,65.7,37.0,0.0,3.38,ZA,1620836635
126,138,lavrentiya,65.5833,-171.0,31.3,98.0,100.0,2.66,RU,1620836637
127,139,mata,40.683,-7.4592,56.88,48.0,41.0,14.52,PT,1620836638
128,140,kahului,20.8947,-156.47,69.8,78.0,20.0,6.91,US,1620836557
129,141,jizan,17.3333,42.6667,92.28,37.0,38.0,10.29,SA,1620836640
130,142,luderitz,-26.6481,15.1594,72.19,48.0,0.0,12.64,NA,1620836642
131,143,te anau,-45.4167,167.7167,34.56,85.0,4.0,1.01,NZ,1620836643
132,144,carbonia,39.1672,8.5222,70.84,62.0,2.0,12.84,IT,1620836644
133,145,plettenberg bay,-34.0527,23.3716,59.74,81.0,1.0,2.04,ZA,1620836645
134,146,mar del plata,-38.0023,-57.5575,63.84,50.0,0.0,7.0,AR,1620836647
135,147,port hawkesbury,45.6169,-61.3485,44.58,92.0,90.0,5.01,CA,1620836648
136,148,botou,38.0667,116.5667,64.8,79.0,1.0,8.7,CN,1620836589
137,149,provideniya,64.3833,-173.3,34.12,99.0,100.0,4.65,RU,1620836650
138,150,tuktoyaktuk,69.4541,-133.0374,17.6,93.0,90.0,14.97,CA,1620836652
139,151,arraial do cabo,-22.9661,-42.0278,80.4,73.0,20.0,4.61,BR,1620836654
140,152,tiksi,71.6872,128.8694,11.03,97.0,98.0,5.06,RU,1620836655
141,153,bolshoy kamen,43.1225,132.3583,49.75,94.0,100.0,8.52,RU,1620836643
142,154,kpandu,6.9954,0.2931,88.21,56.0,26.0,4.16,GH,1620836657
143,155,kumluca,36.3703,30.2869,71.85,63.0,0.0,4.59,TR,1620836658
144,156,kemijarvi,66.7131,27.4306,57.06,89.0,79.0,4.14,FI,1620836660
145,157,tete,-16.1564,33.5867,77.18,50.0,40.0,3.44,MZ,1620836661
146,158,grindavik,63.8424,-22.4338,44.89,65.0,75.0,5.12,IS,1620836662
147,159,kozlovka,55.8428,48.2492,70.79,62.0,34.0,6.55,RU,1620836663
148,160,chicama,-7.8447,-79.1469,64.6,58.0,1.0,7.96,PE,1620836665
149,161,storm lake,42.6411,-95.2097,56.95,42.0,24.0,8.79,US,1620836615
150,162,mwinilunga,-11.7358,24.4293,63.66,64.0,6.0,3.58,ZM,1620836667
151,163,necochea,-38.5473,-58.7368,61.79,43.0,7.0,15.28,AR,1620836668
152,164,yellowknife,62.456,-114.3525,40.14,70.0,40.0,3.0,CA,1620836670
153,165,touros,-5.1989,-35.4608,80.49,67.0,39.0,16.51,BR,1620836671
154,167,ihosy,-22.4,46.1167,64.74,83.0,7.0,5.28,MG,1620836648
155,168,batagay-alyta,67.8006,130.4114,18.54,78.0,9.0,3.09,RU,1620836673
156,169,pangnirtung,66.1451,-65.7125,31.75,86.0,75.0,11.5,CA,1620836675
157,170,cockburn town,21.4612,-71.1419,79.29,84.0,1.0,19.95,TC,1620836676
158,171,high level,58.5169,-117.136,44.38,59.0,75.0,8.08,CA,1620836677
159,172,hermanus,-34.4187,19.2345,61.66,81.0,1.0,1.74,ZA,1620836678
160,173,barrow,71.2906,-156.7887,12.18,85.0,90.0,10.36,US,1620836680
161,174,jumla,29.2747,82.1838,52.83,89.0,100.0,1.81,NP,1620836681
162,175,nantucket,41.2835,-70.0995,58.96,51.0,1.0,16.11,US,1620836418
163,176,san quintin,30.4833,-115.95,62.82,68.0,0.0,4.9,MX,1620836683
164,177,havoysund,70.9963,24.6622,46.36,86.0,75.0,9.48,NO,1620836684
165,179,dobroye,52.8678,39.8109,49.71,82.0,80.0,4.92,RU,1620836686
166,180,rawson,-43.3002,-65.1023,66.34,23.0,100.0,17.74,AR,1620836687
167,181,buzdyak,54.5833,54.55,65.59,53.0,7.0,5.19,RU,1620836688
168,182,shenjiamen,29.9576,122.298,65.01,96.0,100.0,5.19,CN,1620836690
169,183,nizwa,22.9333,57.5333,93.67,12.0,52.0,3.74,OM,1620836691
170,184,umm lajj,25.0213,37.2685,84.06,53.0,0.0,6.49,SA,1620836692
171,185,benalla,-36.55,145.9833,42.98,87.0,0.0,2.44,AU,1620836693
172,186,kerman,30.2832,57.0788,49.24,36.0,75.0,13.8,IR,1620836695
173,187,glinde,53.55,10.2,58.55,66.0,20.0,10.27,DE,1620836696
174,188,port alfred,-33.5906,26.891,63.14,81.0,87.0,12.8,ZA,1620836697
175,189,zhigansk,66.7697,123.3711,28.31,81.0,5.0,7.25,RU,1620836698
176,190,ust-maya,60.4167,134.5333,45.57,89.0,100.0,3.18,RU,1620836700
177,191,lebu,-37.6167,-73.65,56.68,70.0,5.0,13.4,CL,1620836701
178,192,hithadhoo,-0.6,73.0833,80.02,89.0,100.0,17.58,MV,1620836702
179,193,vila velha,-20.3297,-40.2925,85.95,49.0,0.0,3.0,BR,1620836704
180,194,georgetown,5.4112,100.3354,81.9,90.0,20.0,0.0,MY,1620836600
181,196,tabou,4.423,-7.3528,83.75,66.0,97.0,8.16,CI,1620836707
182,197,san carlos de bariloche,-41.1456,-71.3082,45.36,28.0,20.0,5.48,AR,1620836628
183,198,kintinku,-5.8833,35.2333,78.55,45.0,80.0,3.89,TZ,1620836709
184,199,mandalgovi,45.7625,106.2708,46.94,45.0,8.0,7.61,MN,1620836710
185,200,victoria,22.2855,114.1577,84.96,85.0,43.0,11.99,HK,1620836712
186,201,klaksvik,62.2266,-6.589,44.31,71.0,71.0,22.5,FO,1620836713
187,202,general roca,-39.0333,-67.5833,58.05,25.0,67.0,10.76,AR,1620836714
188,203,barraute,48.4335,-77.6328,51.44,29.0,78.0,10.89,CA,1620836715
189,204,ostrovnoy,68.0531,39.5131,42.57,78.0,95.0,6.96,RU,1620836717
190,205,cawayan,9.9718,122.6249,81.39,77.0,30.0,3.78,PH,1620836718
191,208,medea,36.2642,2.7539,59.25,26.0,10.0,8.16,DZ,1620836719
192,209,zwedru,6.0667,-8.1281,92.03,46.0,64.0,3.83,LR,1620836721
193,211,souillac,-20.5167,57.5167,77.85,84.0,75.0,11.88,MU,1620836722
194,213,basco,20.4487,121.9702,82.27,86.0,0.0,17.69,PH,1620836723
195,214,jaspur,29.2833,78.8167,78.15,56.0,100.0,7.96,IN,1620836724
196,215,tasiilaq,65.6145,-37.6368,27.95,78.0,100.0,6.22,GL,1620836726
197,216,ilinskiy,55.619,38.1182,59.22,88.0,0.0,6.71,RU,1620836727
198,218,granadilla de abona,28.1188,-16.576,66.11,56.0,20.0,24.16,ES,1620836728
199,219,itoman,26.1247,127.6694,78.75,100.0,75.0,17.27,JP,1620836730
200,220,bhakkar,31.6253,71.0657,87.57,34.0,72.0,13.58,PK,1620836731
201,221,panuco,22.05,-98.1667,80.51,63.0,100.0,2.57,MX,1620836732
202,222,pevek,69.7008,170.3133,19.76,94.0,100.0,3.15,RU,1620836733
203,223,eyl,7.9803,49.8164,82.65,65.0,100.0,17.87,SO,1620836735
204,224,jacqueville,5.2052,-4.4146,87.67,68.0,20.0,10.58,CI,1620836736
205,225,porto murtinho,-21.6989,-57.8825,58.8,95.0,100.0,4.99,BR,1620836737
206,226,taoudenni,22.6783,-3.9836,107.47,5.0,0.0,17.13,ML,1620836739
207,227,fairbanks,64.8378,-147.7164,45.41,85.0,75.0,0.0,US,1620836693
208,228,rio gallegos,-51.6226,-69.2181,51.66,58.0,0.0,14.97,AR,1620836741
209,229,great yarmouth,52.6083,1.7305,61.95,74.0,100.0,11.74,GB,1620836742
210,230,kavaratti,10.5669,72.642,83.82,76.0,100.0,18.23,IN,1620836743
211,231,rafsanjan,30.4067,55.9939,72.3,35.0,97.0,24.16,IR,1620836745
212,232,sembe,1.6481,14.5806,81.1,73.0,85.0,1.63,CG,1620836746
213,233,punta alta,-38.8759,-62.0736,65.55,45.0,12.0,19.39,AR,1620836747
214,234,sitka,57.0531,-135.33,44.49,81.0,40.0,0.0,US,1620836748
215,235,carballo,43.213,-8.691,59.76,59.0,92.0,9.26,ES,1620836750
216,236,kununurra,-15.7667,128.7333,69.3,56.0,0.0,4.61,AU,1620836544
217,237,isangel,-19.55,169.2667,76.91,80.0,96.0,12.8,VU,1620836752
218,238,muros,42.7762,-9.0603,60.84,70.0,93.0,9.91,ES,1620836753
219,239,saldanha,-33.0117,17.9442,62.26,83.0,0.0,10.13,ZA,1620836755
220,240,tual,-5.6667,132.75,82.87,78.0,40.0,16.51,ID,1620836756
221,241,san andres,12.5847,-81.7006,87.75,70.0,75.0,16.11,CO,1620836757
222,242,singapore,1.2897,103.8501,80.35,73.0,75.0,2.71,SG,1620836661
223,243,quatre cocos,-20.2078,57.7625,77.58,79.0,20.0,14.61,MU,1620836759
224,244,tocache,-8.1842,-76.5125,80.92,67.0,83.0,1.23,PE,1620836761
225,245,asau,46.4333,26.4,57.83,94.0,98.0,5.08,RO,1620836762
226,246,aykhal,66.0,111.5,22.19,91.0,51.0,5.75,RU,1620836703
227,247,dikson,73.5069,80.5464,25.75,96.0,82.0,12.68,RU,1620836764
228,248,saskylakh,71.9167,114.0833,32.29,99.0,100.0,6.62,RU,1620836766
229,249,bambanglipuro,-7.95,110.2833,77.49,84.0,70.0,5.77,ID,1620836767
230,250,caruray,10.3094,119.0128,79.88,87.0,30.0,5.3,PH,1620836768
231,251,mtimbira,-8.7833,36.35,70.0,80.0,72.0,2.24,TZ,1620836769
232,252,san antonio,29.4241,-98.4936,63.93,75.0,90.0,1.01,US,1620836716
233,253,blyth,55.1271,-1.5086,58.95,82.0,20.0,8.14,GB,1620836772
234,254,teguise,29.0605,-13.564,69.91,67.0,20.0,24.43,ES,1620836773
235,255,inhambane,-23.865,35.3833,73.29,73.0,0.0,0.0,MZ,1620836774
236,256,osecina,44.3731,19.6014,58.28,86.0,93.0,2.53,RS,1620836776
237,257,coruripe,-10.1256,-36.1756,79.5,82.0,34.0,13.13,BR,1620836777
238,258,ilulissat,69.2167,-51.1,35.2,80.0,75.0,5.75,GL,1620836778
239,259,west wendover,40.7391,-114.0733,41.38,24.0,1.0,9.22,US,1620836779
240,260,jamame,0.0722,42.7506,79.23,75.0,93.0,13.06,SO,1620836781
241,262,bera,24.0833,89.6167,77.81,71.0,79.0,14.97,BD,1620836782
242,263,talnakh,69.4865,88.3972,31.28,99.0,100.0,3.18,RU,1620836644
243,264,tommot,58.9564,126.2925,38.55,98.0,100.0,2.28,RU,1620836784
244,265,whyalla,-33.0333,137.5833,44.35,76.0,16.0,8.05,AU,1620836786
245,266,nelson bay,-32.7167,152.15,62.01,95.0,13.0,10.27,AU,1620836787
246,267,yulara,-25.2406,130.9889,45.86,71.0,0.0,3.44,AU,1620836788
247,268,airai,-8.9266,125.4092,58.08,93.0,41.0,4.03,TL,1620836789
248,269,hamilton,39.1834,-84.5333,57.79,47.0,1.0,1.99,US,1620836653
249,270,turukhansk,65.8167,87.9833,34.84,99.0,100.0,8.05,RU,1620836792
250,271,ahipara,-35.1667,173.1667,58.42,75.0,65.0,8.1,NZ,1620836793
251,272,saint-philippe,-21.3585,55.7679,76.37,82.0,33.0,9.53,RE,1620836794
252,273,boda,4.3189,17.4695,85.95,58.0,82.0,1.43,CF,1620836796
253,274,qaanaaq,77.484,-69.3632,24.15,81.0,100.0,11.43,GL,1620836797
254,275,waipawa,-41.4122,175.5153,45.23,62.0,79.0,10.22,NZ,1620836798
255,276,wawa,9.9022,4.4192,100.42,28.0,57.0,4.85,NG,1620836799
256,277,ponta delgada,37.7333,-25.6667,66.2,77.0,20.0,16.11,PT,1620836801
257,278,ust-nera,64.5667,143.2,39.45,98.0,100.0,2.82,RU,1620836802
258,279,sao filipe,14.8961,-24.4956,78.91,59.0,14.0,8.79,CV,1620836803
259,280,bathsheba,13.2167,-59.5167,86.0,66.0,20.0,18.25,BB,1620836804
260,281,uaua,-9.8414,-39.4817,86.7,40.0,31.0,15.77,BR,1620836806
261,282,yabelo,4.8833,38.0833,60.03,88.0,80.0,3.51,ET,1620836807
262,283,joshimath,30.5667,79.5667,58.19,83.0,90.0,1.9,IN,1620836808
263,284,deer lake,49.1667,-57.4316,44.29,70.0,90.0,17.27,CA,1620836810
264,286,fort nelson,58.8053,-122.7002,43.39,71.0,75.0,3.44,CA,1620836811
265,287,kichera,55.9375,110.0997,32.81,78.0,66.0,4.32,RU,1620836812
266,288,clyde river,70.4692,-68.5914,28.4,93.0,75.0,8.05,CA,1620836813
267,289,muskogee,35.5834,-95.3336,60.67,63.0,90.0,9.22,US,1620836815
268,291,egvekinot,66.3167,-179.1667,29.39,99.0,100.0,3.87,RU,1620836816
269,292,barra,-11.0894,-43.1417,86.49,32.0,7.0,3.53,BR,1620836817
270,293,omsukchan,62.5333,155.8,15.96,98.0,89.0,2.95,RU,1620836716
271,294,sabancuy,18.9667,-91.1833,90.43,52.0,26.0,8.48,MX,1620836820
272,295,srednekolymsk,67.45,153.6833,16.99,95.0,92.0,4.76,RU,1620836821
273,296,maan,5.9339,124.7356,80.49,84.0,88.0,3.53,PH,1620836822
274,297,georgiyevskoye,58.731,45.024,65.68,67.0,0.0,4.45,RU,1620836824
275,299,raypur,22.4108,88.5094,82.31,69.0,67.0,6.58,IN,1620836825
276,300,pontianak,-0.0333,109.3333,82.36,94.0,75.0,3.22,ID,1620836774
277,301,codrington,-38.2667,141.9667,47.05,87.0,87.0,9.75,AU,1620836827
278,302,wroclaw,51.1,17.0333,69.62,68.0,20.0,5.99,PL,1620836569
279,303,port blair,11.6667,92.75,84.4,74.0,7.0,3.67,IN,1620836830
280,304,mandera,3.9366,41.867,87.87,42.0,94.0,12.17,KE,1620836831
281,305,the pas,53.8251,-101.2541,63.1,39.0,1.0,3.69,CA,1620836832
282,306,jorpeland,59.0225,6.0408,53.33,82.0,100.0,1.57,NO,1620836833
283,307,santiago de cao,-7.9589,-79.2392,65.98,76.0,20.0,11.83,PE,1620836835
284,309,stettler,52.3168,-112.7186,45.86,62.0,9.0,5.75,CA,1620836836
285,310,brekstad,63.687,9.6654,51.01,76.0,75.0,8.05,NO,1620836838
286,311,arawa,-6.2132,155.5367,76.01,89.0,8.0,1.61,PG,1620836839
287,312,maltahohe,-24.8333,16.9833,73.96,17.0,0.0,8.68,NA,1620836840
288,313,berasia,23.6333,77.4333,93.7,22.0,58.0,13.56,IN,1620836841
289,314,shingu,33.7333,135.9833,62.19,97.0,100.0,18.97,JP,1620836843
290,315,vanimo,-2.6741,141.3028,78.26,88.0,94.0,5.64,PG,1620836844
291,316,constitucion,-35.3333,-72.4167,63.01,42.0,0.0,8.59,CL,1620836845
292,317,jalu,29.0331,21.5482,97.7,9.0,3.0,10.42,LY,1620836846
293,318,leningradskiy,69.3833,178.4167,29.8,95.0,100.0,6.58,RU,1620836848
294,319,olafsvik,64.8945,-23.7142,40.5,67.0,27.0,1.92,IS,1620836849
295,320,boguchany,58.3814,97.4531,39.58,53.0,4.0,1.9,RU,1620836850
296,321,bandarbeyla,9.4942,50.8122,87.24,60.0,100.0,25.1,SO,1620836852
297,322,timizart,36.8,4.2667,68.72,37.0,6.0,5.88,DZ,1620836853
298,323,chokurdakh,70.6333,147.9167,3.11,100.0,97.0,1.68,RU,1620836653
299,324,hays,30.0502,-98.0336,60.06,83.0,100.0,7.0,US,1620836855
300,325,mount isa,-20.7333,139.5,60.19,36.0,0.0,16.11,AU,1620836856
301,326,oildale,35.4197,-119.0195,79.32,25.0,1.0,4.61,US,1620836858
302,327,dawlatabad,36.4141,64.9053,78.87,18.0,1.0,6.69,AF,1620836859
303,328,yurla,59.3259,54.3223,63.43,57.0,89.0,2.21,RU,1620836860
304,329,bahia honda,22.9036,-83.1592,89.37,54.0,33.0,5.26,CU,1620836862
305,330,la ronge,55.1001,-105.2842,44.02,57.0,40.0,5.75,CA,1620836863
306,331,maibong,25.3,93.1667,66.87,98.0,4.0,0.92,IN,1620836864
307,332,lampang,18.3333,99.5,77.59,79.0,58.0,0.31,TH,1620836865
308,333,surgut,61.25,73.4167,45.95,42.0,0.0,2.33,RU,1620836867
309,334,torbay,47.6666,-52.7314,53.15,54.0,75.0,8.01,CA,1620836868
310,335,luwuk,-0.9516,122.7875,78.42,88.0,29.0,4.38,ID,1620836869
311,336,otradnoye,59.7775,30.8181,76.78,53.0,3.0,4.0,RU,1620836871
312,337,sambava,-14.2667,50.1667,77.65,78.0,14.0,13.29,MG,1620836872
313,338,khatanga,71.9667,102.5,31.17,91.0,100.0,12.55,RU,1620836873
314,339,ponta do sol,32.6667,-17.1,69.8,64.0,100.0,1.68,PT,1620836874
315,340,disna,55.568,28.1971,61.25,59.0,0.0,6.82,BY,1620836876
316,341,pavlogradka,54.2024,73.5592,60.87,43.0,100.0,14.05,RU,1620836877
317,342,abay,49.6311,72.8539,42.33,47.0,88.0,7.94,KZ,1620836878
318,343,beira,-19.8436,34.8389,73.35,73.0,20.0,7.56,MZ,1620836879
319,344,quesnel,52.9999,-122.5029,45.93,71.0,40.0,5.75,CA,1620836881
320,345,cascais,38.6979,-9.4215,67.82,57.0,40.0,14.0,PT,1620836882
321,346,bonito,-21.1211,-56.4819,65.07,76.0,100.0,7.0,BR,1620836883
322,347,lagos,6.5833,3.75,87.8,60.0,34.0,8.72,NG,1620836779
323,348,atar,20.5169,-13.0499,106.09,7.0,1.0,14.03,MR,1620836886
324,349,lagoa,39.05,-27.9833,62.28,85.0,13.0,17.4,PT,1620836887
325,350,esperance,-33.8667,121.9,53.6,57.0,90.0,11.68,AU,1620836888
326,351,uspenka,48.3903,39.1619,53.76,81.0,85.0,7.76,UA,1620836889
327,352,maicao,11.3832,-72.2432,85.91,61.0,100.0,19.48,CO,1620836891
328,353,yinchuan,38.4681,106.2731,76.24,40.0,0.0,15.21,CN,1620836892
329,354,nenjiang,49.1833,125.2167,48.09,81.0,95.0,13.94,CN,1620836893
330,355,sangar,63.9242,127.4739,32.74,86.0,3.0,5.28,RU,1620836895
331,356,port lincoln,-34.7333,135.8667,56.88,78.0,96.0,10.67,AU,1620836896
332,357,candido mendes,-1.4467,-45.7167,82.8,77.0,59.0,4.09,BR,1620836897
333,358,sorland,67.667,12.6934,48.06,83.0,100.0,19.57,NO,1620836899
334,359,flin flon,54.7682,-101.865,49.95,53.0,20.0,5.46,CA,1620836900
335,360,alta floresta,-9.8756,-56.0861,83.14,59.0,3.0,5.01,BR,1620836901
336,361,razole,16.4833,81.8333,85.78,79.0,51.0,5.32,IN,1620836902
337,362,outlook,51.5001,-107.0513,54.52,39.0,16.0,3.62,CA,1620836904
338,363,soyo,-6.1349,12.3689,85.91,81.0,29.0,11.83,AO,1620836905
339,364,general pico,-35.6566,-63.7568,64.74,49.0,3.0,13.04,AR,1620836906
340,365,amapa,1.0,-52.0,72.03,99.0,100.0,0.94,BR,1620836907
341,366,emerald,-23.5333,148.1667,65.93,88.0,26.0,8.05,AU,1620836909
342,367,tokur,53.1333,132.9,39.09,80.0,100.0,3.27,RU,1620836910
343,368,aquiraz,-3.9014,-38.3911,89.83,56.0,17.0,9.57,BR,1620836911
344,369,partenit,44.578,34.3446,59.22,76.0,84.0,1.72,UA,1620836913
345,370,tacuarembo,-31.7333,-55.9833,60.12,54.0,0.0,5.1,UY,1620836914
346,371,half moon bay,37.4636,-122.4286,71.74,93.0,90.0,11.5,US,1620836915
347,372,alice springs,-23.7,133.8833,37.81,39.0,0.0,3.44,AU,1620836916
348,373,brookings,44.3114,-96.7984,56.86,29.0,1.0,13.8,US,1620836768
349,374,santo antonio do sudoeste,-26.0736,-53.7253,68.61,56.0,56.0,5.93,BR,1620836919
350,375,winslow,35.0242,-110.6974,51.75,12.0,1.0,10.36,US,1620836920
351,376,kibala,9.1104,18.3463,88.92,36.0,20.0,9.22,TD,1620836921
352,378,smithers,54.7804,-127.1743,40.59,71.0,40.0,3.44,CA,1620836923
353,379,maskinonge,46.2286,-73.0192,60.87,38.0,65.0,13.8,CA,1620836924
354,380,sao felix do xingu,-6.6447,-51.995,84.02,67.0,100.0,3.09,BR,1620836925
355,382,bereda,43.2686,-7.5406,56.21,61.0,94.0,6.91,ES,1620836926
356,383,beisfjord,68.3751,17.5988,51.82,94.0,100.0,5.77,NO,1620836928
357,385,tehachapi,35.1322,-118.449,66.9,18.0,0.0,3.0,US,1620836929
358,386,sao jose da coroa grande,-8.8978,-35.1478,81.16,80.0,18.0,12.1,BR,1620836930
359,387,mahibadhoo,3.7833,72.9667,81.05,86.0,100.0,26.6,MV,1620836931
360,388,liaocheng,36.4439,115.9647,70.93,45.0,100.0,9.82,CN,1620836933
361,389,popondetta,-8.7537,148.2534,74.28,91.0,12.0,2.98,PG,1620836713
362,390,sao joao da barra,-21.6403,-41.0511,84.13,63.0,40.0,7.99,BR,1620836935
363,391,mogadishu,2.0371,45.3438,80.91,79.0,72.0,20.76,SO,1620836936
364,392,ushtobe,45.2514,77.9838,58.23,31.0,4.0,7.34,KZ,1620836938
365,393,chimore,-16.9833,-65.1333,65.16,79.0,99.0,2.28,BO,1620836939
366,395,vetlanda,57.4289,15.0776,74.82,52.0,58.0,10.27,SE,1620836940
367,396,matara,5.9485,80.5353,79.21,89.0,100.0,7.47,LK,1620836941
368,397,bitung,1.4451,125.1824,76.86,83.0,24.0,8.34,ID,1620836943
369,399,snasa,64.2457,12.3778,49.39,94.0,100.0,3.53,NO,1620836944
370,400,saurimo,-9.6608,20.3916,71.82,57.0,0.0,3.44,AO,1620836883
371,401,nanhai,30.1282,111.7784,70.36,85.0,17.0,4.36,CN,1620836947
372,402,coquimbo,-29.9533,-71.3436,57.06,70.0,90.0,5.41,CL,1620836948
373,403,yukamenskoye,57.8865,52.2416,66.06,57.0,3.0,5.37,RU,1620836949
374,404,soure,-0.7167,-48.5233,81.68,75.0,74.0,2.8,BR,1620836950
375,405,bud,39.447,-86.1758,56.1,47.0,3.0,10.31,US,1620836952
376,406,george,-33.963,22.4617,56.3,77.0,0.0,4.61,ZA,1620836953
377,407,los llanos de aridane,28.6585,-17.9182,67.51,80.0,0.0,12.44,ES,1620836954
378,409,sola,-13.8833,167.55,80.58,74.0,95.0,12.28,VU,1620836955
379,410,balingasay,16.3573,119.8564,84.22,78.0,7.0,7.7,PH,1620836957
380,412,gallup,35.5281,-108.7426,39.42,27.0,1.0,3.0,US,1620836958
381,413,nerang,-27.9833,153.3333,63.59,97.0,91.0,4.09,AU,1620836959
382,414,abasolo,20.45,-101.5167,53.08,46.0,70.0,2.77,MX,1620836961
383,416,bandar-e anzali,37.4727,49.4622,61.09,90.0,100.0,5.75,IR,1620836962
384,417,lisala,2.15,21.5167,79.11,71.0,100.0,2.39,CD,1620836963
385,418,belaya gora,68.5333,146.4167,18.93,96.0,99.0,5.84,RU,1620836965
386,419,kovdor,67.5662,30.4758,43.38,99.0,100.0,2.64,RU,1620836966
387,420,byron bay,-28.65,153.6167,62.87,88.0,90.0,2.64,AU,1620836775
388,421,sioux lookout,50.1001,-91.917,58.24,27.0,20.0,6.91,CA,1620836968
389,422,wladyslawowo,54.7909,18.4009,78.58,74.0,8.0,16.71,PL,1620836969
390,423,miquelon,47.0975,-56.3814,42.78,86.0,100.0,12.08,PM,1620836971
391,424,kulhudhuffushi,6.6221,73.07,83.91,73.0,100.0,23.33,MV,1620836972
392,425,hasaki,35.7333,140.8333,62.55,67.0,100.0,10.42,JP,1620836973
393,426,andenes,69.3143,16.1194,51.93,81.0,75.0,17.27,NO,1620836974
394,427,kamenka,51.3223,42.7678,56.48,75.0,10.0,6.93,RU,1620836976
395,428,sinnamary,5.3833,-52.95,82.31,72.0,21.0,11.97,GF,1620836977
396,429,praxedis guerrero,31.3667,-106.0167,51.78,57.0,36.0,18.79,MX,1620836978
397,430,sechura,-5.5569,-80.8222,76.86,56.0,13.0,6.64,PE,1620836980
398,431,martapura,-3.4167,114.85,80.42,91.0,90.0,3.62,ID,1620836981
399,432,pyaozerskiy,65.8333,31.1667,59.79,73.0,100.0,2.91,RU,1620836982
400,433,ketchikan,55.3422,-131.6461,49.98,76.0,75.0,9.22,US,1620836697
401,435,hendek,40.7994,30.7481,62.2,78.0,63.0,1.79,TR,1620836985
402,437,saint george,37.1041,-113.5841,62.4,16.0,1.0,1.99,US,1620836859
403,439,wajima,37.4,136.9,56.93,66.0,100.0,5.19,JP,1620836987
404,440,griffith,41.5284,-87.4237,57.79,47.0,1.0,1.99,US,1620836988
405,441,iqaluit,63.7506,-68.5145,35.04,74.0,90.0,18.01,CA,1620836990
406,442,narsaq,60.9167,-46.05,51.51,48.0,23.0,5.1,GL,1620836991
407,443,katherine,-14.4667,132.2667,63.16,43.0,49.0,6.55,AU,1620836706
408,444,bluefields,12.0137,-83.7635,85.98,79.0,40.0,13.8,NI,1620836993
409,445,koygorodok,60.445,50.9968,64.81,61.0,100.0,2.95,RU,1620836994
410,446,champerico,14.3,-91.9167,79.92,65.0,87.0,7.72,GT,1620836996
411,447,barranca,-10.75,-77.7667,69.13,71.0,3.0,7.0,PE,1620836997
412,448,nogliki,51.8333,143.1667,32.22,88.0,4.0,2.48,RU,1620836998
413,449,aklavik,68.2191,-135.0107,21.13,79.0,90.0,10.36,CA,1620837000
414,450,aras,42.5617,-2.356,45.75,76.0,98.0,7.81,ES,1620837001
415,451,mackay,-21.15,149.2,69.93,94.0,0.0,3.44,AU,1620837002
416,452,panguna,-6.3164,155.4848,67.35,93.0,7.0,1.1,PG,1620837004
417,453,moose factory,51.2585,-80.6094,64.31,34.0,1.0,6.91,CA,1620837005
418,454,at-bashi,41.1702,75.8106,47.62,71.0,87.0,2.35,KG,1620837007
419,455,mahebourg,-20.4081,57.7,77.74,94.0,75.0,8.05,MU,1620837008
420,456,cross lanes,38.4204,-81.7907,58.32,45.0,40.0,4.0,US,1620837010
421,457,praia,14.9215,-23.5087,85.75,37.0,0.0,24.16,CV,1620837011
422,458,manturovo,58.3353,44.7619,62.24,76.0,8.0,5.32,RU,1620837012
423,459,bastrop,32.7562,-91.8724,64.42,77.0,90.0,8.05,US,1620837013
424,460,carauari,-4.8828,-66.8958,81.82,83.0,74.0,2.21,BR,1620837015
425,461,shiyan,32.6475,110.7781,66.54,90.0,82.0,0.65,CN,1620837016
426,462,pangoa,-12.1167,-73.0,81.12,61.0,82.0,4.29,PE,1620837017
427,463,seminole,28.7086,-81.2081,91.98,58.0,20.0,3.44,US,1620837018
428,464,meulaboh,4.1363,96.1285,78.3,88.0,90.0,3.38,ID,1620837020
429,465,bubaque,11.2833,-15.8333,78.64,83.0,73.0,11.16,GW,1620837021
430,466,christchurch,-43.5333,172.6333,38.82,95.0,75.0,2.3,NZ,1620837006
431,467,cacador,-26.7753,-51.015,61.03,80.0,99.0,4.47,BR,1620837023
432,468,padang,-0.9492,100.3543,78.67,89.0,100.0,3.09,ID,1620837025
433,469,hovd,48.0056,91.6419,51.85,47.0,93.0,5.26,MN,1620837026
434,470,eresos,39.1667,25.9333,69.24,54.0,71.0,3.24,GR,1620837027
435,471,guanica,17.9716,-66.908,87.91,53.0,100.0,7.0,PR,1620837028
436,472,myitkyina,25.3833,97.4,69.62,91.0,100.0,2.82,MM,1620837030
437,473,biak,-0.9131,122.8766,77.31,85.0,35.0,5.79,ID,1620837031
438,474,uray,60.1247,64.7758,56.77,71.0,99.0,7.63,RU,1620837027
439,475,vitim,59.4511,112.5578,32.79,92.0,58.0,5.68,RU,1620837033
440,476,saint anthony,45.0205,-93.218,62.89,28.0,1.0,1.99,US,1620837035
441,477,babynino,54.39,35.73,52.86,96.0,100.0,5.64,RU,1620837036
442,478,marsabit,2.3284,37.9899,69.66,64.0,98.0,7.31,KE,1620837037
443,479,angoram,-4.0625,144.0661,73.13,98.0,58.0,1.77,PG,1620837038
444,480,itarema,-2.9248,-39.9167,86.36,59.0,18.0,11.63,BR,1620837040
445,481,vitoria do mearim,-3.4622,-44.8706,89.92,50.0,55.0,4.76,BR,1620837041
446,482,abu dhabi,24.4667,54.3667,87.73,69.0,0.0,11.77,AE,1620837038
447,483,sayan,-11.1361,-77.1933,81.3,33.0,3.0,8.08,PE,1620837043
448,484,tigil,57.8,158.6667,29.12,90.0,9.0,3.15,RU,1620837045
449,485,siocon,7.7061,122.1353,79.05,84.0,97.0,3.83,PH,1620837046
450,486,rokycany,49.7427,13.5946,55.72,96.0,100.0,8.23,CZ,1620837047
451,487,matay,28.419,30.7792,85.55,12.0,0.0,8.28,EG,1620837048
452,488,miami,25.7743,-80.1937,91.98,62.0,40.0,5.01,US,1620836922
453,489,margate,51.3813,1.3862,60.69,67.0,88.0,7.38,GB,1620836855
454,490,makakilo city,21.3469,-158.0858,71.91,82.0,1.0,0.0,US,1620837052
455,491,genhe,50.7833,121.5167,36.61,94.0,100.0,4.81,CN,1620837053
456,492,flinders,-34.5833,150.8552,59.81,90.0,6.0,1.01,AU,1620837054
457,493,santiago,-33.4569,-70.6483,64.53,26.0,0.0,0.0,CL,1620836801
458,494,hofn,64.2539,-15.2082,37.38,60.0,20.0,12.66,IS,1620837057
459,495,port hedland,-20.3167,118.5667,69.73,64.0,0.0,4.61,AU,1620837058
460,496,caravelas,-17.7125,-39.2481,82.0,43.0,15.0,8.32,BR,1620837059
461,497,olean,42.0776,-78.4297,50.34,41.0,75.0,10.58,US,1620837061
462,498,sestu,39.2943,9.093,71.51,41.0,20.0,1.99,IT,1620837062
463,500,isiro,2.7739,27.616,67.91,99.0,100.0,1.74,CD,1620837064
464,501,khandagayty,50.7333,92.05,48.99,53.0,100.0,4.74,RU,1620837065
465,502,concordia,-31.393,-58.0209,61.66,62.0,0.0,4.0,AR,1620836925
466,503,haines junction,60.7522,-137.5108,35.69,56.0,88.0,1.14,CA,1620837067
467,504,basar,27.9833,94.6667,62.51,97.0,99.0,1.97,IN,1620837069
468,505,rio brilhante,-21.8019,-54.5464,69.78,68.0,96.0,10.29,BR,1620837070
469,506,florence,43.7667,11.25,65.46,58.0,20.0,12.66,IT,1620837071
470,507,caucasia,7.9865,-75.1935,89.78,61.0,52.0,3.65,CO,1620837073
471,508,channel-port aux basques,47.5702,-59.1367,40.69,83.0,64.0,14.76,CA,1620837074
472,509,pundaguitan,6.3711,126.1689,82.22,77.0,97.0,4.68,PH,1620837075
473,510,coihueco,-36.6167,-71.8333,52.52,24.0,0.0,6.51,CL,1620837076
474,511,sur,22.5667,59.5289,88.61,50.0,100.0,6.24,OM,1620837078
475,512,faya,18.3851,42.4509,45.91,39.0,46.0,4.9,SA,1620837079
476,513,marawi,7.9986,124.2928,70.63,92.0,98.0,2.08,PH,1620837080
477,514,san-pedro,4.7485,-6.6363,83.77,65.0,59.0,9.4,CI,1620837082
478,515,pisco,-13.7,-76.2167,67.91,83.0,40.0,11.5,PE,1620837083
479,516,todos santos,23.45,-110.2167,90.32,53.0,83.0,6.96,MX,1620837084
480,517,port macquarie,-31.4333,152.9167,60.67,100.0,90.0,4.61,AU,1620837085
481,518,pachelma,53.2443,43.3521,55.36,97.0,100.0,6.69,RU,1620837087
482,519,poso,-1.3959,120.7524,78.57,82.0,52.0,5.06,ID,1620837088
483,520,danielskuil,-28.1887,23.5395,62.2,28.0,0.0,4.79,ZA,1620837089
484,521,sretensk,52.2453,117.7093,39.34,81.0,9.0,3.36,RU,1620837090
485,522,bay roberts,47.5999,-53.2648,53.91,55.0,48.0,12.84,CA,1620837068
486,523,vallenar,-28.5708,-70.7581,74.5,37.0,73.0,7.54,CL,1620837093
487,524,saku,36.2167,138.4833,49.98,95.0,100.0,3.78,JP,1620837094
488,525,blagoveshchensk,50.2667,127.5333,43.05,88.0,40.0,4.34,RU,1620837095
489,526,aksarayskiy,46.7924,48.0119,70.05,54.0,18.0,9.64,RU,1620837097
490,527,gore,-46.1028,168.9436,31.14,87.0,43.0,1.92,NZ,1620837098
491,528,alofi,-19.0595,-169.9187,72.61,88.0,36.0,4.61,NU,1620837099
492,529,axim,4.8699,-2.2405,82.85,68.0,20.0,10.89,GH,1620837101
493,530,thinadhoo,0.5333,72.9333,79.92,88.0,100.0,16.53,MV,1620837102
494,531,adre,13.4667,22.2,92.07,14.0,6.0,5.99,TD,1620837103
495,532,kungurtug,50.5994,97.5228,37.85,70.0,80.0,0.18,RU,1620837104
496,533,tambura,5.6,27.4667,71.02,93.0,99.0,3.29,SS,1620837106
497,534,yumen,40.2833,97.2,63.41,19.0,70.0,13.58,CN,1620837107
498,535,bukama,-9.2,25.85,70.48,60.0,0.0,2.59,CD,1620837108
499,536,beloha,-25.1667,45.05,67.87,83.0,7.0,10.04,MG,1620837110
500,537,vidim,56.4088,103.1106,29.39,76.0,13.0,4.16,RU,1620837111
501,538,mosetse,-20.75,26.65,66.67,28.0,0.0,10.27,BW,1620837112
502,539,waingapu,-9.6567,120.2641,76.96,85.0,28.0,11.14,ID,1620837113
503,540,vardo,70.3705,31.1107,42.71,87.0,75.0,13.8,NO,1620837115
504,541,loandjili,-4.7561,11.8578,84.11,84.0,40.0,13.8,CG,1620837116
505,542,barguzin,53.6167,109.6167,32.59,79.0,2.0,5.35,RU,1620837117
506,543,dolores,-36.3132,-57.6792,59.77,41.0,0.0,11.16,AR,1620837080
507,544,pontivy,48.0,-3.0,54.01,84.0,96.0,17.09,FR,1620837072
508,545,ngunguru,-35.6167,174.5,55.62,75.0,73.0,7.4,NZ,1620837121
509,546,morehead,37.2711,-87.1764,61.3,37.0,1.0,1.99,US,1620837122
510,549,muisne,0.6,-80.0333,80.6,77.0,94.0,6.04,EC,1620837123
511,550,novi banovci,44.9547,20.2819,59.99,100.0,75.0,6.91,RS,1620837125
512,551,tuatapere,-46.1333,167.6833,31.71,83.0,40.0,3.31,NZ,1620837126
513,552,acapulco,16.8634,-99.8901,91.18,56.0,90.0,3.91,MX,1620837127
514,553,sakakah,29.9697,40.2064,90.34,10.0,5.0,7.94,SA,1620837129
515,554,hirara,24.8,125.2833,78.55,91.0,14.0,17.09,JP,1620837130
516,555,assiniboia,49.6334,-105.9845,50.36,32.0,81.0,5.32,CA,1620837131
517,556,edd,13.9297,41.6925,90.18,49.0,52.0,5.26,ER,1620837132
518,557,maneromango,-7.1988,38.7848,74.35,88.0,97.0,4.34,TZ,1620837134
519,558,maniitsoq,65.4167,-52.9,34.52,72.0,12.0,4.14,GL,1620837135
520,559,victor harbor,-35.5667,138.6167,51.01,78.0,99.0,11.25,AU,1620837136
521,560,richards bay,-28.783,32.0377,70.27,86.0,0.0,8.34,ZA,1620836972
522,562,labis,2.385,103.021,75.9,94.0,99.0,1.59,MY,1620837139
523,563,ukiah,39.1502,-123.2078,75.76,42.0,1.0,3.44,US,1620837003
524,564,nadym,65.5333,72.5167,48.58,62.0,80.0,6.02,RU,1620837141
525,565,broome,42.2506,-75.833,56.68,54.0,1.0,5.01,US,1620837142
526,566,lac du bonnet,50.2536,-96.0612,65.98,23.0,28.0,7.87,CA,1620837143
527,567,teguldet,57.3064,88.1667,50.41,59.0,67.0,7.61,RU,1620837145
528,568,catuday,16.2923,119.8062,82.15,79.0,8.0,6.67,PH,1620837146
529,571,fort portal,0.6617,30.2748,60.19,98.0,80.0,2.3,UG,1620837147
530,572,luau,-10.7073,22.2247,66.97,54.0,1.0,1.97,AO,1620837149
531,573,strezhevoy,60.7333,77.5889,44.1,69.0,11.0,6.13,RU,1620837150
532,574,manggar,-2.8833,108.2667,81.73,84.0,100.0,10.47,ID,1620837151
533,575,camapua,-19.5314,-54.0439,88.05,31.0,47.0,7.25,BR,1620837152
534,576,kaputa,-8.4689,29.6619,68.97,64.0,1.0,4.16,ZM,1620837154
535,577,vorukh,39.8494,70.5838,58.05,59.0,19.0,2.44,TJ,1620837155
536,578,buzmeyin,38.0507,58.2056,77.95,19.0,75.0,6.02,TM,1620837156
537,579,koutiala,12.3917,-5.4642,103.86,18.0,74.0,3.18,ML,1620837158
538,580,belen,36.4891,36.2233,69.03,54.0,0.0,6.15,TR,1620837069
539,581,jining,35.405,116.5814,65.43,88.0,93.0,8.63,CN,1620837160
540,582,ilhabela,-23.7781,-45.3581,73.56,73.0,100.0,5.86,BR,1620837162
541,583,yagodnoye,62.55,149.6667,27.36,91.0,100.0,2.46,RU,1620837163
542,584,nara,34.6851,135.8049,61.84,93.0,100.0,13.33,JP,1620837054
543,585,havre-saint-pierre,50.2334,-63.5986,48.2,49.0,90.0,16.11,CA,1620837165
544,586,kayerkan,69.3497,87.7602,31.03,99.0,100.0,5.64,RU,1620837167
545,587,vestmannaeyjar,63.4427,-20.2734,44.55,65.0,20.0,8.05,IS,1620837168
546,588,talcahuano,-36.7167,-73.1167,58.51,58.0,0.0,9.22,CL,1620837169
547,589,portree,57.4129,-6.1942,52.86,76.0,96.0,5.57,GB,1620837170
548,591,dudinka,69.4058,86.1778,31.68,99.0,100.0,6.4,RU,1620837172
549,592,gbarnga,6.9956,-9.4722,85.78,64.0,61.0,5.28,LR,1620837173
550,593,wanxian,30.8039,108.3897,73.17,87.0,89.0,2.84,CN,1620837174
551,595,calama,-22.4667,-68.9333,48.78,10.0,40.0,2.3,CL,1620837176
552,596,namibe,-15.1961,12.1522,76.71,66.0,6.0,8.12,AO,1620837177
553,597,kudahuvadhoo,2.6708,72.8944,80.49,85.0,100.0,26.44,MV,1620837178
554,598,rondonopolis,-16.4708,-54.6356,91.45,31.0,6.0,8.57,BR,1620837179
555,599,kainantu,-6.2887,145.8655,59.95,97.0,94.0,1.77,PG,1620837181
556,600,saint-pierre,-21.3393,55.4781,76.44,78.0,0.0,14.97,RE,1620837182
557,601,lodja,-3.4833,23.4333,77.11,66.0,85.0,2.48,CD,1620837183
